variant,best_rung,best_NLL,best_Top1
b1h,R11,0.4569047473457275,0.9026893464722298
b2h,R11,0.44372856724466336,0.9027390177365274
